{
    "accuracy": 0.5549568965517241,
    "F1-score": 0.5549568965517241,
    "loss": 1.6854185873064502
}