{
    "accuracy": 0.7624521072796935,
    "F1-score": 0.7624521072796935,
    "loss": 0.6069615506406488
}