{
    "accuracy": 0.7649664750957854,
    "F1-score": 0.7649664750957854,
    "loss": 0.7072662574977711
}