{
    "accuracy": 0.7862787356321839,
    "F1-score": 0.7862787356321839,
    "loss": 0.8633241262929193
}