{
    "accuracy": 0.8314176245210728,
    "F1-score": 0.8314176245210728,
    "loss": 0.567427018336181
}