{
    "accuracy": 0.8434782608695652,
    "F1-score": 0.8434782608695652,
    "loss": 0.5651252288533294
}