{
    "accuracy": 0.8225574712643678,
    "F1-score": 0.8225574712643678,
    "loss": 0.5326750108907963
}