{
    "accuracy": 0.8255507662835249,
    "F1-score": 0.8255507662835249,
    "loss": 0.49780253552157305
}