{
    "accuracy": 0.8342911877394635,
    "F1-score": 0.8342911877394635,
    "loss": 0.49778560780245684
}